"Guid","AccountSource","AnnualRevenue","BillingCity","BillingCountry","BillingGeocodeAccuracy","BillingLatitude","BillingLongitude","BillingPostalCode","BillingState","BillingStreet","CompanyEmail__c","CurrencyIsoCode","Description","Fax","Industry","Jigsaw","Name","NumberOfEmployees","ParentId","Phone","SBQQ__AssetQuantitiesCombined__c","SBQQ__CoTermedContractsCombined__c","SBQQ__CoTerminationEvent__c","SBQQ__ContractCoTermination__c","SBQQ__IgnoreParentContractedPrices__c","SBQQ__PreserveBundle__c","SBQQ__PriceHoldEnd__c","SBQQ__RenewalModel__c","SBQQ__RenewalPricingMethod__c","SBQQ__TaxExempt__c","ShippingCity","ShippingCountry","ShippingGeocodeAccuracy","ShippingLatitude","ShippingLongitude","ShippingPostalCode","ShippingState","ShippingStreet","SicDesc","TestNumber__c","Test_Email__c","Test_Required_Field__c","Type","Website"
02aea3c0-afb8-49d5-b1e7-38af1d6501e5,"#N/A","#N/A","#N/A","#N/A","#N/A","#N/A","#N/A","#N/A","#N/A","#N/A","#N/A",USD,"#N/A","#N/A","#N/A","#N/A",Axis Bank3,"#N/A","#N/A",1235,false,false,"#N/A","#N/A",false,false,"#N/A","#N/A","#N/A","#N/A","#N/A","#N/A","#N/A","#N/A","#N/A","#N/A","#N/A","#N/A","#N/A","#N/A","#N/A","#N/A","#N/A","#N/A"
0321110a-030c-4de1-a4ef-b28c063a143f,"#N/A","#N/A","#N/A","#N/A","#N/A","#N/A","#N/A","#N/A","#N/A","#N/A","#N/A",USD,"#N/A","#N/A","#N/A","#N/A",Test Account2,"#N/A","#N/A","#N/A",false,false,"#N/A",Never,false,true,"#N/A","#N/A",Same,No,"#N/A","#N/A","#N/A","#N/A","#N/A","#N/A","#N/A","#N/A","#N/A","#N/A","#N/A","#N/A","#N/A","#N/A"
0ee4d3f4-ac23-4a62-b3a6-dac397d3663c,"#N/A","#N/A","#N/A","#N/A","#N/A","#N/A","#N/A","#N/A","#N/A","#N/A","#N/A",USD,"#N/A","#N/A","#N/A","#N/A",Test account 1,"#N/A","#N/A","#N/A",false,false,"#N/A",Never,false,true,"#N/A","#N/A",Same,No,"#N/A","#N/A","#N/A","#N/A","#N/A","#N/A","#N/A","#N/A","#N/A","#N/A","#N/A","#N/A","#N/A","#N/A"
158a874f-23dd-44c1-919c-92aa9898da81,"#N/A",5.0E8,Chicago,"#N/A","#N/A","#N/A","#N/A","#N/A",IL,"2334 N. Michigan Avenue, Suite 1500
Chicago, IL 60601, USA","#N/A",USD,"Chain of hotels and resorts across the US, UK, Eastern Europe, Japan, and SE Asia.",(312) 596-1500,Hospitality,"#N/A",Grand Hotels & Resorts Ltd Test GUID,5600,"#N/A",(312) 596-1000,false,false,"#N/A","#N/A",false,true,"#N/A","#N/A","#N/A","#N/A","#N/A","#N/A","#N/A","#N/A","#N/A","#N/A","#N/A","2334 N. Michigan Avenue, Suite 1500
Chicago, IL 60601, USA","#N/A","#N/A","#N/A","#N/A",Customer - Direct,www.grandhotels.com
16ce8d95-058a-4ff2-94ca-3f9e6718e24f,"#N/A","#N/A","#N/A","#N/A","#N/A","#N/A","#N/A","#N/A","#N/A","#N/A","#N/A",USD,"#N/A","#N/A","#N/A","#N/A",Test Account updated,"#N/A","#N/A","#N/A",false,false,"#N/A",Never,false,true,"#N/A","#N/A",Same,No,"#N/A","#N/A","#N/A","#N/A","#N/A","#N/A","#N/A","#N/A","#N/A","#N/A","#N/A","#N/A","#N/A","#N/A"
1ab700fc-d39e-4d68-a65b-5b86858deee2,"#N/A",5.0E8,Chicago,"#N/A","#N/A","#N/A","#N/A","#N/A",IL,"2334 N. Michigan Avenue, Suite 1500
Chicago, IL 60601, USA","#N/A",USD,"Chain of hotels and resorts across the US, UK, Eastern Europe, Japan, and SE Asia.",(312) 596-1500,Hospitality,"#N/A",Grand Hotels & Resorts Ltd,5600,"#N/A",(312) 596-1000,false,false,"#N/A","#N/A",false,false,"#N/A","#N/A","#N/A","#N/A","#N/A","#N/A","#N/A","#N/A","#N/A","#N/A","#N/A","2334 N. Michigan Avenue, Suite 1500
Chicago, IL 60601, USA","#N/A","#N/A","#N/A","#N/A",Customer - Direct,www.grandhotels.com
1e8009d1-ce1b-4243-88f0-224a7e04244c,"#N/A",5.0E8,Chicago,"#N/A","#N/A","#N/A","#N/A","#N/A",IL,"2334 N. Michigan Avenue, Suite 1500
Chicago, IL 60601, USA","#N/A",USD,"Chain of hotels and resorts across the US, UK, Eastern Europe, Japan, and SE Asia.",(312) 596-1500,Hospitality,"#N/A",Grand Hotels & Resorts Ltd,5600,"#N/A",(312) 596-1000,false,false,"#N/A","#N/A",false,false,"#N/A","#N/A","#N/A","#N/A","#N/A","#N/A","#N/A","#N/A","#N/A","#N/A","#N/A","2334 N. Michigan Avenue, Suite 1500
Chicago, IL 60601, USA","#N/A","#N/A","#N/A","#N/A",Customer - Direct,www.grandhotels.com
221dff7a-5d13-4d92-bc6e-8170dc18e16a,"#N/A","#N/A","#N/A","#N/A","#N/A","#N/A","#N/A","#N/A","#N/A","#N/A","#N/A",USD,"#N/A","#N/A","#N/A","#N/A",Test Account updated,"#N/A","#N/A","#N/A",false,false,"#N/A",Never,false,true,"#N/A","#N/A",Same,No,"#N/A","#N/A","#N/A","#N/A","#N/A","#N/A","#N/A","#N/A","#N/A","#N/A","#N/A","#N/A","#N/A","#N/A"
26df5be2-eaee-427c-b37d-23770cb64a8d,"#N/A","#N/A","#N/A","#N/A","#N/A","#N/A","#N/A","#N/A","#N/A","#N/A","#N/A",USD,"#N/A","#N/A","#N/A","#N/A",Test account 1,"#N/A","#N/A","#N/A",false,false,"#N/A",Never,false,true,"#N/A","#N/A",Same,No,"#N/A","#N/A","#N/A","#N/A","#N/A","#N/A","#N/A","#N/A","#N/A","#N/A","#N/A","#N/A","#N/A","#N/A"
2d55d785-360d-4cb5-953c-14e03bd73be1,"#N/A",5.6E9,New York,"#N/A","#N/A","#N/A","#N/A","#N/A",NY,"1301 Avenue of the Americas 
New York, NY 10019
USA","#N/A",USD,Hi,(212) 842-5501,Energy,"#N/A",United Oil & Gas Corp.,145000,"#N/A",(212) 842-5500,false,false,"#N/A","#N/A",false,false,"#N/A","#N/A","#N/A","#N/A","#N/A","#N/A","#N/A","#N/A","#N/A","#N/A","#N/A","1301 Avenue of the Americas 
New York, NY 10019
USA","#N/A","#N/A","#N/A","#N/A",Customer - Direct,http://www.uos.com
3266dbf6-a728-48e6-b021-004ef627d4ca,"#N/A","#N/A","#N/A","#N/A","#N/A","#N/A","#N/A","#N/A","#N/A","#N/A","#N/A",USD,"#N/A","#N/A","#N/A","#N/A",Test Account updated,"#N/A","#N/A","#N/A",false,false,"#N/A",Never,false,true,"#N/A","#N/A",Same,No,"#N/A","#N/A","#N/A","#N/A","#N/A","#N/A","#N/A","#N/A","#N/A","#N/A","#N/A","#N/A","#N/A","#N/A"
3cead70b-eea7-4324-9dac-70444e97ce51,"#N/A","#N/A","#N/A","#N/A","#N/A","#N/A","#N/A","#N/A","#N/A","#N/A","#N/A",USD,"#N/A","#N/A","#N/A","#N/A",Test loaded account,"#N/A","#N/A","#N/A",false,false,"#N/A",Never,false,true,"#N/A","#N/A",Same,No,"#N/A","#N/A","#N/A","#N/A","#N/A","#N/A","#N/A","#N/A","#N/A","#N/A","#N/A","#N/A","#N/A","#N/A"
3ed6777a-1a25-487f-994b-d91fcba4279e,"#N/A","#N/A","#N/A","#N/A","#N/A","#N/A","#N/A","#N/A","#N/A","#N/A","#N/A",USD,"#N/A","#N/A","#N/A","#N/A",Test account 1,"#N/A","#N/A","#N/A",false,false,"#N/A",Never,false,true,"#N/A","#N/A",Same,No,"#N/A","#N/A","#N/A","#N/A","#N/A","#N/A","#N/A","#N/A","#N/A","#N/A","#N/A","#N/A","#N/A","#N/A"
4270db41-3ec2-4c11-b430-c3528c8d22f0,"#N/A","#N/A","#N/A","#N/A","#N/A","#N/A","#N/A","#N/A","#N/A","#N/A","#N/A",USD,"#N/A","#N/A","#N/A","#N/A",Test account 1,"#N/A","#N/A","#N/A",false,false,"#N/A",Never,false,true,"#N/A","#N/A",Same,No,"#N/A","#N/A","#N/A","#N/A","#N/A","#N/A","#N/A","#N/A","#N/A","#N/A","#N/A","#N/A","#N/A","#N/A"
4386ba85-821e-4dbd-b9a7-7e1f9a721765,"#N/A","#N/A","#N/A","#N/A","#N/A","#N/A","#N/A","#N/A","#N/A","#N/A","#N/A",USD,"#N/A","#N/A","#N/A","#N/A",Test Account updated,"#N/A","#N/A","#N/A",false,false,"#N/A",Never,false,true,"#N/A","#N/A",Same,No,"#N/A","#N/A","#N/A","#N/A","#N/A","#N/A","#N/A","#N/A","#N/A","#N/A","#N/A","#N/A","#N/A","#N/A"
461ac7b0-7f50-44d8-a9af-1d6986b66c77,"#N/A","#N/A","#N/A","#N/A","#N/A","#N/A","#N/A","#N/A","#N/A","#N/A","#N/A",USD,"#N/A","#N/A","#N/A","#N/A",Test loaded account,"#N/A","#N/A","#N/A",false,false,"#N/A",Never,false,true,"#N/A","#N/A",Same,No,"#N/A","#N/A","#N/A","#N/A","#N/A","#N/A","#N/A","#N/A","#N/A","#N/A","#N/A","#N/A","#N/A","#N/A"
46ba4182-4c85-41f7-818d-f569b15fecef,"#N/A","#N/A","#N/A","#N/A","#N/A","#N/A","#N/A","#N/A","#N/A","#N/A","#N/A",USD,"#N/A","#N/A","#N/A","#N/A",Test account 1,"#N/A","#N/A","#N/A",false,false,"#N/A",Never,false,true,"#N/A","#N/A",Same,No,"#N/A","#N/A","#N/A","#N/A","#N/A","#N/A","#N/A","#N/A","#N/A","#N/A","#N/A","#N/A","#N/A","#N/A"
5731f5e3-68cf-41a6-9e62-561c1c6bbc1b,"#N/A","#N/A","#N/A","#N/A","#N/A","#N/A","#N/A","#N/A","#N/A","#N/A","#N/A",USD,"#N/A","#N/A","#N/A","#N/A",Test account 1,"#N/A","#N/A","#N/A",false,false,"#N/A",Never,false,true,"#N/A","#N/A",Same,No,"#N/A","#N/A","#N/A","#N/A","#N/A","#N/A","#N/A","#N/A","#N/A","#N/A","#N/A","#N/A","#N/A","#N/A"
5d42c78b-3539-4e35-9c4e-529b87a65bde,"#N/A","#N/A","#N/A","#N/A","#N/A","#N/A","#N/A","#N/A","#N/A","#N/A","#N/A",USD,"#N/A","#N/A","#N/A","#N/A",Test Account updated,"#N/A","#N/A","#N/A",false,false,"#N/A",Never,false,true,"#N/A","#N/A",Same,No,"#N/A","#N/A","#N/A","#N/A","#N/A","#N/A","#N/A","#N/A","#N/A","#N/A","#N/A","#N/A","#N/A","#N/A"
629abb3d-8505-445a-b76b-3f5810d2c06b,"#N/A",5.6E9,New York,"#N/A","#N/A","#N/A","#N/A","#N/A",NY,"1301 Avenue of the Americas 
New York, NY 10019
USA","#N/A",USD,Hi,(212) 842-5501,Energy,"#N/A",United Oil & Gas Corp.,145000,"#N/A",(212) 842-5500,false,false,"#N/A","#N/A",false,false,"#N/A","#N/A","#N/A","#N/A","#N/A","#N/A","#N/A","#N/A","#N/A","#N/A","#N/A","1301 Avenue of the Americas 
New York, NY 10019
USA","#N/A","#N/A","#N/A","#N/A",Customer - Direct,http://www.uos.com
63dac236-73c9-41ca-8482-256c5fe8fd27,"#N/A","#N/A","#N/A","#N/A","#N/A","#N/A","#N/A","#N/A","#N/A","#N/A","#N/A",USD,"#N/A","#N/A","#N/A","#N/A",Test account updated newone,"#N/A","#N/A","#N/A",false,false,"#N/A",Never,false,true,"#N/A","#N/A",Same,No,"#N/A","#N/A","#N/A","#N/A","#N/A","#N/A","#N/A","#N/A","#N/A","#N/A","#N/A","#N/A","#N/A","#N/A"
63ea92c7-382a-4367-b50f-f70d54253604,"#N/A","#N/A","#N/A","#N/A","#N/A","#N/A","#N/A","#N/A","#N/A","#N/A","#N/A",USD,"#N/A","#N/A","#N/A","#N/A",Test account 1,"#N/A","#N/A","#N/A",false,false,"#N/A",Never,false,true,"#N/A","#N/A",Same,No,"#N/A","#N/A","#N/A","#N/A","#N/A","#N/A","#N/A","#N/A","#N/A","#N/A","#N/A","#N/A","#N/A","#N/A"
7031904f-0bd0-4b84-b3c6-969c7faa133d,"#N/A","#N/A","#N/A","#N/A","#N/A","#N/A","#N/A","#N/A","#N/A","#N/A","#N/A",USD,"#N/A","#N/A","#N/A","#N/A",Test Account2,"#N/A","#N/A","#N/A",false,false,"#N/A",Never,false,true,"#N/A","#N/A",Same,No,"#N/A","#N/A","#N/A","#N/A","#N/A","#N/A","#N/A","#N/A","#N/A","#N/A","#N/A","#N/A","#N/A","#N/A"
73903b23-9a8d-4f21-83e3-77427126817c,"#N/A","#N/A","#N/A","#N/A","#N/A","#N/A","#N/A","#N/A","#N/A","#N/A","#N/A",USD,"#N/A","#N/A","#N/A","#N/A",Test Account updated,"#N/A","#N/A","#N/A",false,false,"#N/A",Never,false,true,"#N/A","#N/A",Same,No,"#N/A","#N/A","#N/A","#N/A","#N/A","#N/A","#N/A","#N/A","#N/A","#N/A","#N/A","#N/A","#N/A","#N/A"
7a6e0912-8872-4fdf-bf44-dfe8e55c3044,"#N/A","#N/A","#N/A","#N/A","#N/A","#N/A","#N/A","#N/A","#N/A","#N/A","#N/A",USD,"#N/A","#N/A","#N/A","#N/A",unique Test update,"#N/A","#N/A",45,false,false,"#N/A","#N/A",false,false,"#N/A","#N/A","#N/A","#N/A","#N/A","#N/A","#N/A","#N/A","#N/A","#N/A","#N/A","#N/A","#N/A","#N/A","#N/A","#N/A","#N/A","#N/A"
7ec63b42-5b93-4bc0-bb68-1d5e74811b20,"#N/A","#N/A","#N/A","#N/A","#N/A","#N/A","#N/A","#N/A","#N/A","#N/A","#N/A",USD,"#N/A","#N/A","#N/A","#N/A",Test Account updated,"#N/A","#N/A","#N/A",false,false,"#N/A",Never,false,true,"#N/A","#N/A",Same,No,"#N/A","#N/A","#N/A","#N/A","#N/A","#N/A","#N/A","#N/A","#N/A","#N/A","#N/A","#N/A","#N/A","#N/A"
84fe9c3f-b097-4814-8639-ccf5feae9b43,"#N/A","#N/A","#N/A","#N/A","#N/A","#N/A","#N/A","#N/A","#N/A","#N/A","#N/A",USD,"#N/A","#N/A","#N/A","#N/A",Test account 1,"#N/A","#N/A","#N/A",false,false,"#N/A",Never,false,true,"#N/A","#N/A",Same,No,"#N/A","#N/A","#N/A","#N/A","#N/A","#N/A","#N/A","#N/A","#N/A","#N/A","#N/A","#N/A","#N/A","#N/A"
9c0948a5-8345-48c4-a24b-8aa1da8f084a,"#N/A","#N/A","#N/A","#N/A","#N/A","#N/A","#N/A","#N/A","#N/A","#N/A","#N/A",USD,"#N/A","#N/A","#N/A","#N/A",Test loaded account,"#N/A","#N/A","#N/A",false,false,"#N/A",Never,false,true,"#N/A","#N/A",Same,No,"#N/A","#N/A","#N/A","#N/A","#N/A","#N/A","#N/A","#N/A","#N/A","#N/A","#N/A","#N/A","#N/A","#N/A"
a13e2587-6bfa-4074-bd48-24cb4284bdfc,"#N/A",5.0E8,Chicago,"#N/A","#N/A","#N/A","#N/A","#N/A",IL,"2334 N. Michigan Avenue, Suite 1500
Chicago, IL 60601, USA","#N/A",USD,"Chain of hotels and resorts across the US, UK, Eastern Europe, Japan, and SE Asia.",(312) 596-1500,Hospitality,"#N/A",Grand Hotels & Resorts Ltd,5600,"#N/A",(312) 596-1000,false,false,"#N/A","#N/A",false,false,"#N/A","#N/A","#N/A","#N/A","#N/A","#N/A","#N/A","#N/A","#N/A","#N/A","#N/A","2334 N. Michigan Avenue, Suite 1500
Chicago, IL 60601, USA","#N/A","#N/A","#N/A","#N/A",Customer - Direct,www.grandhotels.com
a312c901-7241-4fe6-842d-43fdac8d60b6,"#N/A",5.6E9,New York,"#N/A","#N/A","#N/A","#N/A","#N/A",NY,"1301 Avenue of the Americas 
New York, NY 10019
USA","#N/A",USD,Hi,(212) 842-5501,Energy,"#N/A",United Oil & Gas Corp.,145000,"#N/A",(212) 842-5500,false,false,"#N/A","#N/A",false,false,"#N/A","#N/A","#N/A","#N/A","#N/A","#N/A","#N/A","#N/A","#N/A","#N/A","#N/A","1301 Avenue of the Americas 
New York, NY 10019
USA","#N/A","#N/A","#N/A","#N/A",Customer - Direct,http://www.uos.com
a44a8810-9fc7-4d90-92ec-dd9b74be5c2a,"#N/A","#N/A","#N/A","#N/A","#N/A","#N/A","#N/A","#N/A","#N/A","#N/A","#N/A",USD,"#N/A","#N/A","#N/A","#N/A",Axis Bank3,"#N/A","#N/A",1235,false,false,"#N/A","#N/A",false,false,"#N/A","#N/A","#N/A","#N/A","#N/A","#N/A","#N/A","#N/A","#N/A","#N/A","#N/A","#N/A","#N/A","#N/A","#N/A","#N/A","#N/A","#N/A"
a57da2fb-d6e6-4597-ad49-7df5b86111ec,"#N/A","#N/A","#N/A","#N/A","#N/A","#N/A","#N/A","#N/A","#N/A","#N/A","#N/A",USD,"#N/A","#N/A","#N/A","#N/A",Test Account2,"#N/A","#N/A","#N/A",false,false,"#N/A",Never,false,true,"#N/A","#N/A",Same,No,"#N/A","#N/A","#N/A","#N/A","#N/A","#N/A","#N/A","#N/A","#N/A","#N/A","#N/A","#N/A","#N/A","#N/A"
a79d960d-d479-4629-9297-de338a004813,"#N/A","#N/A","#N/A","#N/A","#N/A","#N/A","#N/A","#N/A","#N/A","#N/A","#N/A",USD,"#N/A","#N/A","#N/A","#N/A",Test Account updated,"#N/A","#N/A","#N/A",false,false,"#N/A",Never,false,true,"#N/A","#N/A",Same,No,"#N/A","#N/A","#N/A","#N/A","#N/A","#N/A","#N/A","#N/A","#N/A","#N/A","#N/A","#N/A","#N/A","#N/A"
a7fd9e58-d414-4c97-a3c8-6ee1b94d60e5,"#N/A","#N/A","#N/A","#N/A","#N/A","#N/A","#N/A","#N/A","#N/A","#N/A","#N/A",USD,"#N/A","#N/A","#N/A","#N/A",Axis Bank3,"#N/A","#N/A",1235,false,false,"#N/A","#N/A",false,false,"#N/A","#N/A","#N/A","#N/A","#N/A","#N/A","#N/A","#N/A","#N/A","#N/A","#N/A","#N/A","#N/A","#N/A","#N/A","#N/A","#N/A","#N/A"
acc5c3f3-f4d6-4862-adf5-4ddff5d85f5c,"#N/A","#N/A","#N/A","#N/A","#N/A","#N/A","#N/A","#N/A","#N/A","#N/A","#N/A",USD,"#N/A","#N/A","#N/A","#N/A",Test Account2,"#N/A","#N/A","#N/A",false,false,"#N/A",Never,false,true,"#N/A","#N/A",Same,No,"#N/A","#N/A","#N/A","#N/A","#N/A","#N/A","#N/A","#N/A","#N/A","#N/A","#N/A","#N/A","#N/A","#N/A"
ad11f129-390f-4e67-9444-6f4e62dfdf68,"#N/A","#N/A","#N/A","#N/A","#N/A","#N/A","#N/A","#N/A","#N/A","#N/A","#N/A",USD,"#N/A","#N/A","#N/A","#N/A",Test account 1,"#N/A","#N/A","#N/A",false,false,"#N/A",Never,false,true,"#N/A","#N/A",Same,No,"#N/A","#N/A","#N/A","#N/A","#N/A","#N/A","#N/A","#N/A","#N/A","#N/A","#N/A","#N/A","#N/A","#N/A"
af992a34-d8cc-4562-910c-96ca5e136e4d,"#N/A","#N/A","#N/A","#N/A","#N/A","#N/A","#N/A","#N/A","#N/A","#N/A","#N/A",USD,"#N/A","#N/A","#N/A","#N/A",Test account updated newone,"#N/A","#N/A","#N/A",false,false,"#N/A",Never,false,true,"#N/A","#N/A",Same,No,"#N/A","#N/A","#N/A","#N/A","#N/A","#N/A","#N/A","#N/A","#N/A","#N/A","#N/A","#N/A","#N/A","#N/A"
bbc2927e-1ab8-4f7a-a239-768a3703da8f,"#N/A","#N/A","#N/A","#N/A","#N/A","#N/A","#N/A","#N/A","#N/A","#N/A","#N/A",USD,"#N/A","#N/A","#N/A","#N/A",Test account 1,"#N/A","#N/A","#N/A",false,false,"#N/A",Never,false,true,"#N/A","#N/A",Same,No,"#N/A","#N/A","#N/A","#N/A","#N/A","#N/A","#N/A","#N/A","#N/A","#N/A","#N/A","#N/A","#N/A","#N/A"
d1ace0e6-d6cf-4a4c-b3e7-b715b8527def,"#N/A","#N/A","#N/A","#N/A","#N/A","#N/A","#N/A","#N/A","#N/A","#N/A","#N/A",USD,"#N/A","#N/A","#N/A","#N/A",Test account 1,"#N/A","#N/A","#N/A",false,false,"#N/A",Never,false,true,"#N/A","#N/A",Same,No,"#N/A","#N/A","#N/A","#N/A","#N/A","#N/A","#N/A","#N/A","#N/A","#N/A","#N/A","#N/A","#N/A","#N/A"
e0722eff-2ed3-4822-bff6-a981b79859a3,"#N/A","#N/A","#N/A","#N/A","#N/A","#N/A","#N/A","#N/A","#N/A","#N/A","#N/A",USD,"#N/A","#N/A","#N/A","#N/A",Rob Test Account 1,"#N/A","#N/A","#N/A",false,false,"#N/A",Never,false,true,"#N/A","#N/A",Same,No,"#N/A","#N/A","#N/A","#N/A","#N/A","#N/A","#N/A","#N/A","#N/A","#N/A","#N/A","#N/A","#N/A","#N/A"
e7297a87-51cd-4dda-bf94-0128330f5832,"#N/A","#N/A","#N/A","#N/A","#N/A","#N/A","#N/A","#N/A","#N/A","#N/A","#N/A",USD,"#N/A","#N/A","#N/A","#N/A",Test Account updated,"#N/A","#N/A","#N/A",false,false,"#N/A",Never,false,true,"#N/A","#N/A",Same,No,"#N/A","#N/A","#N/A","#N/A","#N/A","#N/A","#N/A","#N/A","#N/A","#N/A","#N/A","#N/A","#N/A","#N/A"
e82daaab-a93b-49eb-910c-717e6f62b28b,"#N/A","#N/A","#N/A","#N/A","#N/A","#N/A","#N/A","#N/A","#N/A","#N/A","#N/A",USD,"#N/A","#N/A","#N/A","#N/A",Test account 1,"#N/A","#N/A","#N/A",false,false,"#N/A",Never,false,true,"#N/A","#N/A",Same,No,"#N/A","#N/A","#N/A","#N/A","#N/A","#N/A","#N/A","#N/A","#N/A","#N/A","#N/A","#N/A","#N/A","#N/A"
ea55f97e-7c5f-4a20-abac-3eaac03fabba,"#N/A","#N/A","#N/A","#N/A","#N/A","#N/A","#N/A","#N/A","#N/A","#N/A","#N/A",USD,"#N/A","#N/A","#N/A","#N/A",Test account updated newone,"#N/A","#N/A","#N/A",false,false,"#N/A",Never,false,true,"#N/A","#N/A",Same,No,"#N/A","#N/A","#N/A","#N/A","#N/A","#N/A","#N/A","#N/A","#N/A","#N/A","#N/A","#N/A","#N/A","#N/A"
ec711cd6-8b97-43d0-8b5a-9d8a0b2682a8,"#N/A","#N/A","#N/A","#N/A","#N/A","#N/A","#N/A","#N/A","#N/A","#N/A","#N/A",USD,"#N/A","#N/A","#N/A","#N/A",Test jbjhbh,"#N/A","#N/A","#N/A",false,false,"#N/A",Never,false,true,"#N/A","#N/A",Same,No,"#N/A","#N/A","#N/A","#N/A","#N/A","#N/A","#N/A","#N/A","#N/A","#N/A","#N/A","#N/A","#N/A","#N/A"
f5730045-e54f-4e43-a240-f407a9ae9739,"#N/A","#N/A","#N/A","#N/A","#N/A","#N/A","#N/A","#N/A","#N/A","#N/A","#N/A",USD,"#N/A","#N/A","#N/A","#N/A",Test jbjhbh,"#N/A","#N/A","#N/A",false,false,"#N/A",Never,false,true,"#N/A","#N/A",Same,No,"#N/A","#N/A","#N/A","#N/A","#N/A","#N/A","#N/A","#N/A","#N/A","#N/A","#N/A","#N/A","#N/A","#N/A"
f71c4f56-f1b0-41e9-9620-5dc844c22387,"#N/A","#N/A","#N/A","#N/A","#N/A","#N/A","#N/A","#N/A","#N/A","#N/A","#N/A",USD,"#N/A","#N/A","#N/A","#N/A",Test jbjhbh,"#N/A","#N/A","#N/A",false,false,"#N/A",Never,false,true,"#N/A","#N/A",Same,No,"#N/A","#N/A","#N/A","#N/A","#N/A","#N/A","#N/A","#N/A","#N/A","#N/A","#N/A","#N/A","#N/A","#N/A"
f9bb9b10-211b-4a99-80b9-c1a14c18436f,"#N/A","#N/A","#N/A","#N/A","#N/A","#N/A","#N/A","#N/A","#N/A","#N/A","#N/A",USD,"#N/A","#N/A","#N/A","#N/A",Test loaded account,"#N/A","#N/A","#N/A",false,false,"#N/A",Never,false,true,"#N/A","#N/A",Same,No,"#N/A","#N/A","#N/A","#N/A","#N/A","#N/A","#N/A","#N/A","#N/A","#N/A","#N/A","#N/A","#N/A","#N/A"
